Date,HomeTeam,AwayTeam,FTHG,FTAG,FTR,HomeOVA,AwayOVA,OVA_diff,HT_match_played,HT_current_standing,HT_past_standing,HT_past_goal_diff,HT_past_win_rate,HT_goal_for,HT_goal_against,HT_goal_diff,HT_win_rate_season,AT_match_played,AT_current_standing,AT_past_standing,AT_past_goal_diff,AT_past_win_rate,AT_goal_for,AT_goal_against,AT_goal_diff,AT_win_rate_season,HT_3_win_streak,HT_5_win_streak,HT_3_lose_Streak,HT_5_lose_Streak,AT_3_win_streak,AT_5_win_streak,AT_3_lose_Streak,AT_5_lose_Streak,HT_5_win_rate,AT_5_win_rate,current_standing_diff,past_standing_diff,past_goal_diff_diff,past_win_rate_diff,win_rate_season_diff,goal_diff_diff
2021-08-13,Brentford,Arsenal,2.0,0.0,H,74,80,-6,0.0,0.0,-1.0,-1.0,0.0,0.0,0.0,0.0,,0.0,0.0,61.0,16.0,0.4736842105263157,0.0,0.0,0.0,,0.0,0.0,0.0,0.0,0.0,0.0,0.0,0.0,,,0.0,-62.0,-17.0,-0.4736842105263157,,0.0
2021-08-14,Man United,Leeds,5.0,1.0,H,83,76,7,0.0,0.0,74.0,29.0,0.5526315789473685,0.0,0.0,0.0,,0.0,0.0,59.0,8.0,0.4736842105263157,0.0,0.0,0.0,,0.0,0.0,0.0,0.0,0.0,0.0,0.0,0.0,,,0.0,15.0,21.0,0.07894736842105277,,0.0
2021-08-14,Watford,Aston Villa,3.0,2.0,H,74,78,-4,0.0,0.0,-1.0,-1.0,0.0,0.0,0.0,0.0,,0.0,0.0,55.0,9.0,0.4210526315789473,0.0,0.0,0.0,,0.0,0.0,0.0,0.0,0.0,0.0,0.0,0.0,,,0.0,-56.0,-10.0,-0.4210526315789473,,0.0
2021-08-14,Leicester,Wolves,1.0,0.0,H,80,78,2,0.0,0.0,66.0,18.0,0.5263157894736842,0.0,0.0,0.0,,0.0,0.0,45.0,-16.0,0.3157894736842105,0.0,0.0,0.0,,0.0,0.0,0.0,0.0,0.0,0.0,0.0,0.0,,,0.0,21.0,34.0,0.21052631578947367,,0.0
2021-08-14,Everton,Southampton,3.0,1.0,H,78,76,2,0.0,0.0,59.0,-1.0,0.4473684210526316,0.0,0.0,0.0,,0.0,0.0,43.0,-21.0,0.3157894736842105,0.0,0.0,0.0,,0.0,0.0,0.0,0.0,0.0,0.0,0.0,0.0,,,0.0,16.0,20.0,0.13157894736842107,,0.0
2021-08-14,Chelsea,Crystal Palace,3.0,0.0,H,84,76,8,0.0,0.0,67.0,22.0,0.5,0.0,0.0,0.0,,0.0,0.0,44.0,-25.0,0.3157894736842105,0.0,0.0,0.0,,0.0,0.0,0.0,0.0,0.0,0.0,0.0,0.0,,,0.0,23.0,47.0,0.1842105263157895,,0.0
2021-08-14,Burnley,Brighton,1.0,2.0,A,76,76,0,0.0,0.0,39.0,-22.0,0.2631578947368421,0.0,0.0,0.0,,0.0,0.0,41.0,-6.0,0.2368421052631578,0.0,0.0,0.0,,0.0,0.0,0.0,0.0,0.0,0.0,0.0,0.0,,,0.0,-2.0,-16.0,0.026315789473684292,,0.0
2021-08-14,Norwich City,Liverpool,0.0,3.0,A,73,85,-12,0.0,0.0,-1.0,-1.0,0.0,0.0,0.0,0.0,,0.0,0.0,69.0,26.0,0.5263157894736842,0.0,0.0,0.0,,0.0,0.0,0.0,0.0,0.0,0.0,0.0,0.0,,,0.0,-70.0,-27.0,-0.5263157894736842,,0.0
2021-08-15,Newcastle,West Ham,2.0,4.0,A,77,79,-2,0.0,0.0,45.0,-16.0,0.3157894736842105,0.0,0.0,0.0,,0.0,0.0,65.0,15.0,0.5,0.0,0.0,0.0,,0.0,0.0,0.0,0.0,0.0,0.0,0.0,0.0,,,0.0,-20.0,-31.0,-0.1842105263157895,,0.0
2021-08-15,Tottenham,Man City,1.0,0.0,H,81,85,-4,0.0,0.0,62.0,23.0,0.4736842105263157,0.0,0.0,0.0,,0.0,0.0,86.0,51.0,0.7105263157894737,0.0,0.0,0.0,,0.0,0.0,0.0,0.0,0.0,0.0,0.0,0.0,,,0.0,-24.0,-28.0,-0.23684210526315796,,0.0
2021-08-21,Liverpool,Burnley,2.0,0.0,H,85,76,9,1.0,3.0,69.0,26.0,0.5263157894736842,3.0,0.0,3.0,1.0,1.0,0.0,39.0,-22.0,0.2631578947368421,1.0,2.0,-1.0,0.0,0.0,0.0,0.0,0.0,0.0,0.0,0.0,0.0,,,3.0,30.0,48.0,0.2631578947368421,1.0,4.0
2021-08-21,Man City,Norwich City,5.0,0.0,H,85,73,12,1.0,0.0,86.0,51.0,0.7105263157894737,0.0,1.0,-1.0,0.0,1.0,0.0,-1.0,-1.0,0.0,0.0,3.0,-3.0,0.0,0.0,0.0,0.0,0.0,0.0,0.0,0.0,0.0,,,0.0,87.0,52.0,0.7105263157894737,0.0,2.0
2021-08-21,Leeds,Everton,2.0,2.0,D,76,78,-2,1.0,0.0,59.0,8.0,0.4736842105263157,1.0,5.0,-4.0,0.0,1.0,3.0,59.0,-1.0,0.4473684210526316,3.0,1.0,2.0,1.0,0.0,0.0,0.0,0.0,0.0,0.0,0.0,0.0,,,-3.0,0.0,9.0,0.026315789473684126,-1.0,-6.0
2021-08-21,Crystal Palace,Brentford,0.0,0.0,D,76,74,2,1.0,0.0,44.0,-25.0,0.3157894736842105,0.0,3.0,-3.0,0.0,1.0,3.0,-1.0,-1.0,0.0,2.0,0.0,2.0,1.0,0.0,0.0,0.0,0.0,0.0,0.0,0.0,0.0,,,-3.0,45.0,-24.0,0.3157894736842105,-1.0,-5.0
2021-08-21,Aston Villa,Newcastle,2.0,0.0,H,78,77,1,1.0,0.0,55.0,9.0,0.4210526315789473,2.0,3.0,-1.0,0.0,1.0,0.0,45.0,-16.0,0.3157894736842105,2.0,4.0,-2.0,0.0,0.0,0.0,0.0,0.0,0.0,0.0,0.0,0.0,,,0.0,10.0,25.0,0.10526315789473678,0.0,1.0
2021-08-21,Brighton,Watford,2.0,0.0,H,76,74,2,1.0,3.0,41.0,-6.0,0.2368421052631578,2.0,1.0,1.0,1.0,1.0,3.0,-1.0,-1.0,0.0,3.0,2.0,1.0,1.0,0.0,0.0,0.0,0.0,0.0,0.0,0.0,0.0,,,0.0,42.0,-5.0,0.2368421052631578,0.0,0.0
2021-08-22,Wolves,Tottenham,0.0,1.0,A,78,81,-3,1.0,0.0,45.0,-16.0,0.3157894736842105,0.0,1.0,-1.0,0.0,1.0,3.0,62.0,23.0,0.4736842105263157,1.0,0.0,1.0,1.0,0.0,0.0,0.0,0.0,0.0,0.0,0.0,0.0,,,-3.0,-17.0,-39.0,-0.1578947368421052,-1.0,-2.0
2021-08-22,Southampton,Man United,1.0,1.0,D,76,83,-7,1.0,0.0,43.0,-21.0,0.3157894736842105,1.0,3.0,-2.0,0.0,1.0,3.0,74.0,29.0,0.5526315789473685,5.0,1.0,4.0,1.0,0.0,0.0,0.0,0.0,0.0,0.0,0.0,0.0,,,-3.0,-31.0,-50.0,-0.23684210526315796,-1.0,-6.0
2021-08-22,Arsenal,Chelsea,0.0,2.0,A,80,84,-4,1.0,0.0,61.0,16.0,0.4736842105263157,0.0,2.0,-2.0,0.0,1.0,3.0,67.0,22.0,0.5,3.0,0.0,3.0,1.0,0.0,0.0,0.0,0.0,0.0,0.0,0.0,0.0,,,-3.0,-6.0,-6.0,-0.026315789473684292,-1.0,-5.0
2021-08-23,West Ham,Leicester,4.0,1.0,H,79,80,-1,1.0,3.0,65.0,15.0,0.5,4.0,2.0,2.0,1.0,1.0,3.0,66.0,18.0,0.5263157894736842,1.0,0.0,1.0,1.0,0.0,0.0,0.0,0.0,0.0,0.0,0.0,0.0,,,0.0,-1.0,-3.0,-0.02631578947368418,0.0,1.0
2021-08-28,Man City,Arsenal,5.0,0.0,H,85,80,5,2.0,3.0,86.0,51.0,0.7105263157894737,5.0,1.0,4.0,0.5,2.0,0.0,61.0,16.0,0.4736842105263157,0.0,4.0,-4.0,0.0,0.0,0.0,0.0,0.0,0.0,0.0,0.0,0.0,,,3.0,25.0,35.0,0.23684210526315796,0.5,8.0
2021-08-28,West Ham,Crystal Palace,2.0,2.0,D,79,76,3,2.0,6.0,65.0,15.0,0.5,8.0,3.0,5.0,1.0,2.0,1.0,44.0,-25.0,0.3157894736842105,0.0,3.0,-3.0,0.0,0.0,0.0,0.0,0.0,0.0,0.0,0.0,0.0,,,5.0,21.0,40.0,0.1842105263157895,1.0,8.0
2021-08-28,Norwich City,Leicester,1.0,2.0,A,73,80,-7,2.0,0.0,-1.0,-1.0,0.0,0.0,8.0,-8.0,0.0,2.0,3.0,66.0,18.0,0.5263157894736842,2.0,4.0,-2.0,0.5,0.0,0.0,0.0,0.0,0.0,0.0,0.0,0.0,,,-3.0,-67.0,-19.0,-0.5263157894736842,-0.5,-6.0
2021-08-28,Newcastle,Southampton,2.0,2.0,D,77,76,1,2.0,0.0,45.0,-16.0,0.3157894736842105,2.0,6.0,-4.0,0.0,2.0,1.0,43.0,-21.0,0.3157894736842105,2.0,4.0,-2.0,0.0,0.0,0.0,0.0,0.0,0.0,0.0,0.0,0.0,,,-1.0,2.0,5.0,0.0,0.0,-2.0
2021-08-28,Brighton,Everton,0.0,2.0,A,76,78,-2,2.0,6.0,41.0,-6.0,0.2368421052631578,4.0,1.0,3.0,1.0,2.0,4.0,59.0,-1.0,0.4473684210526316,5.0,3.0,2.0,0.5,0.0,0.0,0.0,0.0,0.0,0.0,0.0,0.0,,,2.0,-18.0,-5.0,-0.21052631578947378,0.5,1.0
2021-08-28,Aston Villa,Brentford,1.0,1.0,D,78,74,4,2.0,3.0,55.0,9.0,0.4210526315789473,4.0,3.0,1.0,0.5,2.0,4.0,-1.0,-1.0,0.0,2.0,0.0,2.0,0.5,0.0,0.0,0.0,0.0,0.0,0.0,0.0,0.0,,,-1.0,56.0,10.0,0.4210526315789473,0.0,-1.0
2021-08-28,Liverpool,Chelsea,1.0,1.0,D,85,84,1,2.0,6.0,69.0,26.0,0.5263157894736842,5.0,0.0,5.0,1.0,2.0,6.0,67.0,22.0,0.5,5.0,0.0,5.0,1.0,0.0,0.0,0.0,0.0,0.0,0.0,0.0,0.0,,,0.0,2.0,4.0,0.02631578947368418,0.0,0.0
2021-08-29,Tottenham,Watford,1.0,0.0,H,81,74,7,2.0,6.0,62.0,23.0,0.4736842105263157,2.0,0.0,2.0,1.0,2.0,3.0,-1.0,-1.0,0.0,3.0,4.0,-1.0,0.5,0.0,0.0,0.0,0.0,0.0,0.0,0.0,0.0,,,3.0,63.0,24.0,0.4736842105263157,0.5,3.0
2021-08-29,Burnley,Leeds,1.0,1.0,D,76,76,0,2.0,0.0,39.0,-22.0,0.2631578947368421,1.0,4.0,-3.0,0.0,2.0,1.0,59.0,8.0,0.4736842105263157,3.0,7.0,-4.0,0.0,0.0,0.0,0.0,0.0,0.0,0.0,0.0,0.0,,,-1.0,-20.0,-30.0,-0.21052631578947362,0.0,1.0
2021-08-29,Wolves,Man United,0.0,1.0,A,78,83,-5,2.0,0.0,45.0,-16.0,0.3157894736842105,0.0,2.0,-2.0,0.0,2.0,4.0,74.0,29.0,0.5526315789473685,6.0,2.0,4.0,0.5,0.0,0.0,0.0,0.0,0.0,0.0,0.0,0.0,,,-4.0,-29.0,-45.0,-0.23684210526315796,-0.5,-6.0
2021-09-11,Crystal Palace,Tottenham,,,,76,81,-5,3.0,2.0,44.0,-25.0,0.3157894736842105,2.0,5.0,-3.0,0.0,3.0,9.0,62.0,23.0,0.4736842105263157,3.0,0.0,3.0,1.0,0.0,0.0,0.0,0.0,0.0,0.0,0.0,0.0,,,-7.0,-18.0,-48.0,-0.1578947368421052,-1.0,-6.0
2021-09-11,Watford,Wolves,,,,74,78,-4,3.0,3.0,-1.0,-1.0,0.0,3.0,5.0,-2.0,0.3333333333333333,3.0,0.0,45.0,-16.0,0.3157894736842105,0.0,3.0,-3.0,0.0,0.0,0.0,0.0,0.0,0.0,0.0,0.0,0.0,,,3.0,-46.0,15.0,-0.3157894736842105,0.3333333333333333,1.0
2021-09-11,Southampton,West Ham,,,,76,79,-3,3.0,2.0,43.0,-21.0,0.3157894736842105,4.0,6.0,-2.0,0.0,3.0,7.0,65.0,15.0,0.5,10.0,5.0,5.0,0.6666666666666666,0.0,0.0,0.0,0.0,0.0,0.0,0.0,0.0,,,-5.0,-22.0,-36.0,-0.1842105263157895,-0.6666666666666666,-7.0
2021-09-11,Man United,Newcastle,,,,83,77,6,3.0,7.0,74.0,29.0,0.5526315789473685,7.0,2.0,5.0,0.6666666666666666,3.0,1.0,45.0,-16.0,0.3157894736842105,4.0,8.0,-4.0,0.0,0.0,0.0,0.0,0.0,0.0,0.0,0.0,0.0,,,6.0,29.0,45.0,0.23684210526315796,0.6666666666666666,9.0
2021-09-11,Leicester,Man City,,,,80,85,-5,3.0,6.0,66.0,18.0,0.5263157894736842,4.0,5.0,-1.0,0.6666666666666666,3.0,6.0,86.0,51.0,0.7105263157894737,10.0,1.0,9.0,0.6666666666666666,0.0,0.0,0.0,0.0,0.0,0.0,0.0,0.0,,,0.0,-20.0,-33.0,-0.1842105263157895,0.0,-10.0
2021-09-11,Brentford,Brighton,,,,74,76,-2,3.0,5.0,-1.0,-1.0,0.0,3.0,1.0,2.0,0.3333333333333333,3.0,6.0,41.0,-6.0,0.2368421052631578,4.0,3.0,1.0,0.6666666666666666,0.0,0.0,0.0,0.0,0.0,0.0,0.0,0.0,,,-1.0,-42.0,5.0,-0.2368421052631578,-0.3333333333333333,1.0
2021-09-11,Arsenal,Norwich City,,,,80,73,7,3.0,0.0,61.0,16.0,0.4736842105263157,0.0,9.0,-9.0,0.0,3.0,0.0,-1.0,-1.0,0.0,1.0,10.0,-9.0,0.0,0.0,0.0,0.0,0.0,0.0,0.0,0.0,0.0,,,0.0,62.0,17.0,0.4736842105263157,0.0,0.0
2021-09-11,Chelsea,Aston Villa,,,,84,78,6,3.0,7.0,67.0,22.0,0.5,6.0,1.0,5.0,0.6666666666666666,3.0,4.0,55.0,9.0,0.4210526315789473,5.0,4.0,1.0,0.3333333333333333,0.0,0.0,0.0,0.0,0.0,0.0,0.0,0.0,,,3.0,12.0,13.0,0.07894736842105271,0.3333333333333333,4.0
2021-09-12,Leeds,Liverpool,,,,76,85,-9,3.0,2.0,59.0,8.0,0.4736842105263157,4.0,8.0,-4.0,0.0,3.0,7.0,69.0,26.0,0.5263157894736842,6.0,1.0,5.0,0.6666666666666666,0.0,0.0,0.0,0.0,0.0,0.0,0.0,0.0,,,-5.0,-10.0,-18.0,-0.052631578947368474,-0.6666666666666666,-9.0
2021-09-13,Everton,Burnley,,,,78,76,2,3.0,7.0,59.0,-1.0,0.4473684210526316,7.0,3.0,4.0,0.6666666666666666,3.0,1.0,39.0,-22.0,0.2631578947368421,2.0,5.0,-3.0,0.0,0.0,0.0,0.0,0.0,0.0,0.0,0.0,0.0,,,6.0,20.0,21.0,0.1842105263157895,0.6666666666666666,7.0
2021-09-17,Newcastle,Leeds,,,,77,76,1,,,,,,,,,,,,,,,,,,,,,,,,,,,,,,,,,,
2021-09-18,Wolves,Brentford,,,,78,74,4,,,,,,,,,,,,,,,,,,,,,,,,,,,,,,,,,,
2021-09-18,Norwich City,Watford,,,,73,74,-1,,,,,,,,,,,,,,,,,,,,,,,,,,,,,,,,,,
2021-09-18,Man City,Southampton,,,,85,76,9,,,,,,,,,,,,,,,,,,,,,,,,,,,,,,,,,,
2021-09-18,Liverpool,Crystal Palace,,,,85,76,9,,,,,,,,,,,,,,,,,,,,,,,,,,,,,,,,,,
2021-09-18,Burnley,Arsenal,,,,76,80,-4,,,,,,,,,,,,,,,,,,,,,,,,,,,,,,,,,,
2021-09-18,Aston Villa,Everton,,,,78,78,0,,,,,,,,,,,,,,,,,,,,,,,,,,,,,,,,,,
2021-09-19,West Ham,Man United,,,,79,83,-4,,,,,,,,,,,,,,,,,,,,,,,,,,,,,,,,,,
2021-09-19,Brighton,Leicester,,,,76,80,-4,,,,,,,,,,,,,,,,,,,,,,,,,,,,,,,,,,
2021-09-19,Tottenham,Chelsea,,,,81,84,-3,,,,,,,,,,,,,,,,,,,,,,,,,,,,,,,,,,
2021-09-25,Chelsea,Man City,,,,84,85,-1,,,,,,,,,,,,,,,,,,,,,,,,,,,,,,,,,,
2021-09-25,Watford,Newcastle,,,,74,77,-3,,,,,,,,,,,,,,,,,,,,,,,,,,,,,,,,,,
2021-09-25,Man United,Aston Villa,,,,83,78,5,,,,,,,,,,,,,,,,,,,,,,,,,,,,,,,,,,
2021-09-25,Leicester,Burnley,,,,80,76,4,,,,,,,,,,,,,,,,,,,,,,,,,,,,,,,,,,
2021-09-25,Leeds,West Ham,,,,76,79,-3,,,,,,,,,,,,,,,,,,,,,,,,,,,,,,,,,,
2021-09-25,Everton,Norwich City,,,,78,73,5,,,,,,,,,,,,,,,,,,,,,,,,,,,,,,,,,,
2021-09-25,Brentford,Liverpool,,,,74,85,-11,,,,,,,,,,,,,,,,,,,,,,,,,,,,,,,,,,
2021-09-26,Southampton,Wolves,,,,76,78,-2,,,,,,,,,,,,,,,,,,,,,,,,,,,,,,,,,,
2021-09-26,Arsenal,Tottenham,,,,80,81,-1,,,,,,,,,,,,,,,,,,,,,,,,,,,,,,,,,,
2021-09-27,Crystal Palace,Brighton,,,,76,76,0,,,,,,,,,,,,,,,,,,,,,,,,,,,,,,,,,,
2021-10-02,Man United,Everton,,,,83,78,5,,,,,,,,,,,,,,,,,,,,,,,,,,,,,,,,,,
2021-10-02,Wolves,Newcastle,,,,78,77,1,,,,,,,,,,,,,,,,,,,,,,,,,,,,,,,,,,
2021-10-02,Leeds,Watford,,,,76,74,2,,,,,,,,,,,,,,,,,,,,,,,,,,,,,,,,,,
2021-10-02,Chelsea,Southampton,,,,84,76,8,,,,,,,,,,,,,,,,,,,,,,,,,,,,,,,,,,
2021-10-02,Burnley,Norwich City,,,,76,73,3,,,,,,,,,,,,,,,,,,,,,,,,,,,,,,,,,,
2021-10-02,Brighton,Arsenal,,,,76,80,-4,,,,,,,,,,,,,,,,,,,,,,,,,,,,,,,,,,
2021-10-03,West Ham,Brentford,,,,79,74,5,,,,,,,,,,,,,,,,,,,,,,,,,,,,,,,,,,
2021-10-03,Tottenham,Aston Villa,,,,81,78,3,,,,,,,,,,,,,,,,,,,,,,,,,,,,,,,,,,
2021-10-03,Crystal Palace,Leicester,,,,76,80,-4,,,,,,,,,,,,,,,,,,,,,,,,,,,,,,,,,,
2021-10-03,Liverpool,Man City,,,,85,85,0,,,,,,,,,,,,,,,,,,,,,,,,,,,,,,,,,,
2021-10-16,Watford,Liverpool,,,,74,85,-11,,,,,,,,,,,,,,,,,,,,,,,,,,,,,,,,,,
2021-10-16,Southampton,Leeds,,,,76,76,0,,,,,,,,,,,,,,,,,,,,,,,,,,,,,,,,,,
2021-10-16,Norwich City,Brighton,,,,73,76,-3,,,,,,,,,,,,,,,,,,,,,,,,,,,,,,,,,,
2021-10-16,Man City,Burnley,,,,85,76,9,,,,,,,,,,,,,,,,,,,,,,,,,,,,,,,,,,
2021-10-16,Leicester,Man United,,,,80,83,-3,,,,,,,,,,,,,,,,,,,,,,,,,,,,,,,,,,
2021-10-16,Aston Villa,Wolves,,,,78,78,0,,,,,,,,,,,,,,,,,,,,,,,,,,,,,,,,,,
2021-10-16,Brentford,Chelsea,,,,74,84,-10,,,,,,,,,,,,,,,,,,,,,,,,,,,,,,,,,,
2021-10-17,Everton,West Ham,,,,78,79,-1,,,,,,,,,,,,,,,,,,,,,,,,,,,,,,,,,,
2021-10-17,Newcastle,Tottenham,,,,77,81,-4,,,,,,,,,,,,,,,,,,,,,,,,,,,,,,,,,,
2021-10-18,Arsenal,Crystal Palace,,,,80,76,4,,,,,,,,,,,,,,,,,,,,,,,,,,,,,,,,,,
2021-10-22,Arsenal,Aston Villa,,,,80,78,2,,,,,,,,,,,,,,,,,,,,,,,,,,,,,,,,,,
2021-10-23,Chelsea,Norwich City,,,,84,73,11,,,,,,,,,,,,,,,,,,,,,,,,,,,,,,,,,,
2021-10-23,Southampton,Burnley,,,,76,76,0,,,,,,,,,,,,,,,,,,,,,,,,,,,,,,,,,,
2021-10-23,Leeds,Wolves,,,,76,78,-2,,,,,,,,,,,,,,,,,,,,,,,,,,,,,,,,,,
2021-10-23,Everton,Watford,,,,78,74,4,,,,,,,,,,,,,,,,,,,,,,,,,,,,,,,,,,
2021-10-23,Crystal Palace,Newcastle,,,,76,77,-1,,,,,,,,,,,,,,,,,,,,,,,,,,,,,,,,,,
2021-10-23,Brighton,Man City,,,,76,85,-9,,,,,,,,,,,,,,,,,,,,,,,,,,,,,,,,,,
2021-10-24,West Ham,Tottenham,,,,79,81,-2,,,,,,,,,,,,,,,,,,,,,,,,,,,,,,,,,,
2021-10-24,Brentford,Leicester,,,,74,80,-6,,,,,,,,,,,,,,,,,,,,,,,,,,,,,,,,,,
2021-10-24,Man United,Liverpool,,,,83,85,-2,,,,,,,,,,,,,,,,,,,,,,,,,,,,,,,,,,
2021-10-30,Leicester,Arsenal,,,,80,80,0,,,,,,,,,,,,,,,,,,,,,,,,,,,,,,,,,,
2021-10-30,Watford,Southampton,,,,74,76,-2,,,,,,,,,,,,,,,,,,,,,,,,,,,,,,,,,,
2021-10-30,Newcastle,Chelsea,,,,77,84,-7,,,,,,,,,,,,,,,,,,,,,,,,,,,,,,,,,,
2021-10-30,Man City,Crystal Palace,,,,85,76,9,,,,,,,,,,,,,,,,,,,,,,,,,,,,,,,,,,
2021-10-30,Liverpool,Brighton,,,,85,76,9,,,,,,,,,,,,,,,,,,,,,,,,,,,,,,,,,,
2021-10-30,Burnley,Brentford,,,,76,74,2,,,,,,,,,,,,,,,,,,,,,,,,,,,,,,,,,,
2021-10-30,Tottenham,Man United,,,,81,83,-2,,,,,,,,,,,,,,,,,,,,,,,,,,,,,,,,,,
2021-10-31,Norwich City,Leeds,,,,73,76,-3,,,,,,,,,,,,,,,,,,,,,,,,,,,,,,,,,,
2021-10-31,Aston Villa,West Ham,,,,78,79,-1,,,,,,,,,,,,,,,,,,,,,,,,,,,,,,,,,,
2021-11-01,Wolves,Everton,,,,78,78,0,,,,,,,,,,,,,,,,,,,,,,,,,,,,,,,,,,
2021-11-06,West Ham,Liverpool,,,,79,85,-6,,,,,,,,,,,,,,,,,,,,,,,,,,,,,,,,,,
2021-11-06,Southampton,Aston Villa,,,,76,78,-2,,,,,,,,,,,,,,,,,,,,,,,,,,,,,,,,,,
2021-11-06,Man United,Man City,,,,83,85,-2,,,,,,,,,,,,,,,,,,,,,,,,,,,,,,,,,,
2021-11-06,Leeds,Leicester,,,,76,80,-4,,,,,,,,,,,,,,,,,,,,,,,,,,,,,,,,,,
2021-11-06,Everton,Tottenham,,,,78,81,-3,,,,,,,,,,,,,,,,,,,,,,,,,,,,,,,,,,
2021-11-06,Crystal Palace,Wolves,,,,76,78,-2,,,,,,,,,,,,,,,,,,,,,,,,,,,,,,,,,,
2021-11-06,Chelsea,Burnley,,,,84,76,8,,,,,,,,,,,,,,,,,,,,,,,,,,,,,,,,,,
2021-11-06,Brighton,Newcastle,,,,76,77,-1,,,,,,,,,,,,,,,,,,,,,,,,,,,,,,,,,,
2021-11-06,Brentford,Norwich City,,,,74,73,1,,,,,,,,,,,,,,,,,,,,,,,,,,,,,,,,,,
2021-11-06,Arsenal,Watford,,,,80,74,6,,,,,,,,,,,,,,,,,,,,,,,,,,,,,,,,,,
2021-11-20,Wolves,West Ham,,,,78,79,-1,,,,,,,,,,,,,,,,,,,,,,,,,,,,,,,,,,
2021-11-20,Watford,Man United,,,,74,83,-9,,,,,,,,,,,,,,,,,,,,,,,,,,,,,,,,,,
2021-11-20,Tottenham,Leeds,,,,81,76,5,,,,,,,,,,,,,,,,,,,,,,,,,,,,,,,,,,
2021-11-20,Norwich City,Southampton,,,,73,76,-3,,,,,,,,,,,,,,,,,,,,,,,,,,,,,,,,,,
2021-11-20,Newcastle,Brentford,,,,77,74,3,,,,,,,,,,,,,,,,,,,,,,,,,,,,,,,,,,
2021-11-20,Man City,Everton,,,,85,78,7,,,,,,,,,,,,,,,,,,,,,,,,,,,,,,,,,,
2021-11-20,Liverpool,Arsenal,,,,85,80,5,,,,,,,,,,,,,,,,,,,,,,,,,,,,,,,,,,
2021-11-20,Leicester,Chelsea,,,,80,84,-4,,,,,,,,,,,,,,,,,,,,,,,,,,,,,,,,,,
2021-11-20,Burnley,Crystal Palace,,,,76,76,0,,,,,,,,,,,,,,,,,,,,,,,,,,,,,,,,,,
2021-11-20,Aston Villa,Brighton,,,,78,76,2,,,,,,,,,,,,,,,,,,,,,,,,,,,,,,,,,,
2021-11-27,Norwich City,Wolves,,,,73,78,-5,,,,,,,,,,,,,,,,,,,,,,,,,,,,,,,,,,
2021-11-27,Man City,West Ham,,,,85,79,6,,,,,,,,,,,,,,,,,,,,,,,,,,,,,,,,,,
2021-11-27,Liverpool,Southampton,,,,85,76,9,,,,,,,,,,,,,,,,,,,,,,,,,,,,,,,,,,
2021-11-27,Leicester,Watford,,,,80,74,6,,,,,,,,,,,,,,,,,,,,,,,,,,,,,,,,,,
2021-11-27,Crystal Palace,Aston Villa,,,,76,78,-2,,,,,,,,,,,,,,,,,,,,,,,,,,,,,,,,,,
2021-11-27,Chelsea,Man United,,,,84,83,1,,,,,,,,,,,,,,,,,,,,,,,,,,,,,,,,,,
2021-11-27,Burnley,Tottenham,,,,76,81,-5,,,,,,,,,,,,,,,,,,,,,,,,,,,,,,,,,,
2021-11-27,Brighton,Leeds,,,,76,76,0,,,,,,,,,,,,,,,,,,,,,,,,,,,,,,,,,,
2021-11-27,Brentford,Everton,,,,74,78,-4,,,,,,,,,,,,,,,,,,,,,,,,,,,,,,,,,,
2021-11-27,Arsenal,Newcastle,,,,80,77,3,,,,,,,,,,,,,,,,,,,,,,,,,,,,,,,,,,
2021-11-30,Wolves,Burnley,,,,78,76,2,,,,,,,,,,,,,,,,,,,,,,,,,,,,,,,,,,
2021-11-30,West Ham,Brighton,,,,79,76,3,,,,,,,,,,,,,,,,,,,,,,,,,,,,,,,,,,
2021-11-30,Watford,Chelsea,,,,74,84,-10,,,,,,,,,,,,,,,,,,,,,,,,,,,,,,,,,,
2021-11-30,Leeds,Crystal Palace,,,,76,76,0,,,,,,,,,,,,,,,,,,,,,,,,,,,,,,,,,,
2021-11-30,Everton,Liverpool,,,,78,85,-7,,,,,,,,,,,,,,,,,,,,,,,,,,,,,,,,,,
2021-11-30,Aston Villa,Man City,,,,78,85,-7,,,,,,,,,,,,,,,,,,,,,,,,,,,,,,,,,,
2021-11-30,Man United,Arsenal,,,,83,80,3,,,,,,,,,,,,,,,,,,,,,,,,,,,,,,,,,,
2021-12-01,Tottenham,Brentford,,,,81,74,7,,,,,,,,,,,,,,,,,,,,,,,,,,,,,,,,,,
2021-12-01,Southampton,Leicester,,,,76,80,-4,,,,,,,,,,,,,,,,,,,,,,,,,,,,,,,,,,
2021-12-01,Newcastle,Norwich City,,,,77,73,4,,,,,,,,,,,,,,,,,,,,,,,,,,,,,,,,,,
2021-12-04,Wolves,Liverpool,,,,78,85,-7,,,,,,,,,,,,,,,,,,,,,,,,,,,,,,,,,,
2021-12-04,West Ham,Chelsea,,,,79,84,-5,,,,,,,,,,,,,,,,,,,,,,,,,,,,,,,,,,
2021-12-04,Watford,Man City,,,,74,85,-11,,,,,,,,,,,,,,,,,,,,,,,,,,,,,,,,,,
2021-12-04,Tottenham,Norwich City,,,,81,73,8,,,,,,,,,,,,,,,,,,,,,,,,,,,,,,,,,,
2021-12-04,Southampton,Brighton,,,,76,76,0,,,,,,,,,,,,,,,,,,,,,,,,,,,,,,,,,,
2021-12-04,Newcastle,Burnley,,,,77,76,1,,,,,,,,,,,,,,,,,,,,,,,,,,,,,,,,,,
2021-12-04,Man United,Crystal Palace,,,,83,76,7,,,,,,,,,,,,,,,,,,,,,,,,,,,,,,,,,,
2021-12-04,Leeds,Brentford,,,,76,74,2,,,,,,,,,,,,,,,,,,,,,,,,,,,,,,,,,,
2021-12-04,Everton,Arsenal,,,,78,80,-2,,,,,,,,,,,,,,,,,,,,,,,,,,,,,,,,,,
2021-12-04,Aston Villa,Leicester,,,,78,80,-2,,,,,,,,,,,,,,,,,,,,,,,,,,,,,,,,,,
2021-12-11,Norwich City,Man United,,,,73,83,-10,,,,,,,,,,,,,,,,,,,,,,,,,,,,,,,,,,
2021-12-11,Man City,Wolves,,,,85,78,7,,,,,,,,,,,,,,,,,,,,,,,,,,,,,,,,,,
2021-12-11,Liverpool,Aston Villa,,,,85,78,7,,,,,,,,,,,,,,,,,,,,,,,,,,,,,,,,,,
2021-12-11,Leicester,Newcastle,,,,80,77,3,,,,,,,,,,,,,,,,,,,,,,,,,,,,,,,,,,
2021-12-11,Crystal Palace,Everton,,,,76,78,-2,,,,,,,,,,,,,,,,,,,,,,,,,,,,,,,,,,
2021-12-11,Chelsea,Leeds,,,,84,76,8,,,,,,,,,,,,,,,,,,,,,,,,,,,,,,,,,,
2021-12-11,Burnley,West Ham,,,,76,79,-3,,,,,,,,,,,,,,,,,,,,,,,,,,,,,,,,,,
2021-12-11,Brighton,Tottenham,,,,76,81,-5,,,,,,,,,,,,,,,,,,,,,,,,,,,,,,,,,,
2021-12-11,Brentford,Watford,,,,74,74,0,,,,,,,,,,,,,,,,,,,,,,,,,,,,,,,,,,
2021-12-11,Arsenal,Southampton,,,,80,76,4,,,,,,,,,,,,,,,,,,,,,,,,,,,,,,,,,,
2021-12-14,Norwich City,Aston Villa,,,,73,78,-5,,,,,,,,,,,,,,,,,,,,,,,,,,,,,,,,,,
2021-12-14,Leicester,Tottenham,,,,80,81,-1,,,,,,,,,,,,,,,,,,,,,,,,,,,,,,,,,,
2021-12-14,Burnley,Watford,,,,76,74,2,,,,,,,,,,,,,,,,,,,,,,,,,,,,,,,,,,
2021-12-14,Brighton,Wolves,,,,76,78,-2,,,,,,,,,,,,,,,,,,,,,,,,,,,,,,,,,,
2021-12-14,Brentford,Man United,,,,74,83,-9,,,,,,,,,,,,,,,,,,,,,,,,,,,,,,,,,,
2021-12-14,Arsenal,West Ham,,,,80,79,1,,,,,,,,,,,,,,,,,,,,,,,,,,,,,,,,,,
2021-12-14,Crystal Palace,Southampton,,,,76,76,0,,,,,,,,,,,,,,,,,,,,,,,,,,,,,,,,,,
2021-12-15,Man City,Leeds,,,,85,76,9,,,,,,,,,,,,,,,,,,,,,,,,,,,,,,,,,,
2021-12-15,Liverpool,Newcastle,,,,85,77,8,,,,,,,,,,,,,,,,,,,,,,,,,,,,,,,,,,
2021-12-15,Chelsea,Everton,,,,84,78,6,,,,,,,,,,,,,,,,,,,,,,,,,,,,,,,,,,
2021-12-18,Wolves,Chelsea,,,,78,84,-6,,,,,,,,,,,,,,,,,,,,,,,,,,,,,,,,,,
2021-12-18,West Ham,Norwich City,,,,79,73,6,,,,,,,,,,,,,,,,,,,,,,,,,,,,,,,,,,
2021-12-18,Watford,Crystal Palace,,,,74,76,-2,,,,,,,,,,,,,,,,,,,,,,,,,,,,,,,,,,
2021-12-18,Tottenham,Liverpool,,,,81,85,-4,,,,,,,,,,,,,,,,,,,,,,,,,,,,,,,,,,
2021-12-18,Southampton,Brentford,,,,76,74,2,,,,,,,,,,,,,,,,,,,,,,,,,,,,,,,,,,
2021-12-18,Newcastle,Man City,,,,77,85,-8,,,,,,,,,,,,,,,,,,,,,,,,,,,,,,,,,,
2021-12-18,Man United,Brighton,,,,83,76,7,,,,,,,,,,,,,,,,,,,,,,,,,,,,,,,,,,
2021-12-18,Leeds,Arsenal,,,,76,80,-4,,,,,,,,,,,,,,,,,,,,,,,,,,,,,,,,,,
2021-12-18,Everton,Leicester,,,,78,80,-2,,,,,,,,,,,,,,,,,,,,,,,,,,,,,,,,,,
2021-12-18,Aston Villa,Burnley,,,,78,76,2,,,,,,,,,,,,,,,,,,,,,,,,,,,,,,,,,,
2021-12-26,Wolves,Watford,,,,78,74,4,,,,,,,,,,,,,,,,,,,,,,,,,,,,,,,,,,
2021-12-26,West Ham,Southampton,,,,79,76,3,,,,,,,,,,,,,,,,,,,,,,,,,,,,,,,,,,
2021-12-26,Tottenham,Crystal Palace,,,,81,76,5,,,,,,,,,,,,,,,,,,,,,,,,,,,,,,,,,,
2021-12-26,Norwich City,Arsenal,,,,73,80,-7,,,,,,,,,,,,,,,,,,,,,,,,,,,,,,,,,,
2021-12-26,Newcastle,Man United,,,,77,83,-6,,,,,,,,,,,,,,,,,,,,,,,,,,,,,,,,,,
2021-12-26,Man City,Leicester,,,,85,80,5,,,,,,,,,,,,,,,,,,,,,,,,,,,,,,,,,,
2021-12-26,Liverpool,Leeds,,,,85,76,9,,,,,,,,,,,,,,,,,,,,,,,,,,,,,,,,,,
2021-12-26,Burnley,Everton,,,,76,78,-2,,,,,,,,,,,,,,,,,,,,,,,,,,,,,,,,,,
2021-12-26,Brighton,Brentford,,,,76,74,2,,,,,,,,,,,,,,,,,,,,,,,,,,,,,,,,,,
2021-12-26,Aston Villa,Chelsea,,,,78,84,-6,,,,,,,,,,,,,,,,,,,,,,,,,,,,,,,,,,
2021-12-28,Crystal Palace,Norwich City,,,,76,73,3,,,,,,,,,,,,,,,,,,,,,,,,,,,,,,,,,,
2021-12-28,Watford,West Ham,,,,74,79,-5,,,,,,,,,,,,,,,,,,,,,,,,,,,,,,,,,,
2021-12-28,Chelsea,Brighton,,,,84,76,8,,,,,,,,,,,,,,,,,,,,,,,,,,,,,,,,,,
2021-12-28,Brentford,Man City,,,,74,85,-11,,,,,,,,,,,,,,,,,,,,,,,,,,,,,,,,,,
2021-12-28,Arsenal,Wolves,,,,80,78,2,,,,,,,,,,,,,,,,,,,,,,,,,,,,,,,,,,
2021-12-28,Southampton,Tottenham,,,,76,81,-5,,,,,,,,,,,,,,,,,,,,,,,,,,,,,,,,,,
2021-12-28,Man United,Burnley,,,,83,76,7,,,,,,,,,,,,,,,,,,,,,,,,,,,,,,,,,,
2021-12-28,Leicester,Liverpool,,,,80,85,-5,,,,,,,,,,,,,,,,,,,,,,,,,,,,,,,,,,
2021-12-28,Leeds,Aston Villa,,,,76,78,-2,,,,,,,,,,,,,,,,,,,,,,,,,,,,,,,,,,
2021-12-28,Everton,Newcastle,,,,78,77,1,,,,,,,,,,,,,,,,,,,,,,,,,,,,,,,,,,
2022-01-01,Watford,Tottenham,,,,74,81,-7,,,,,,,,,,,,,,,,,,,,,,,,,,,,,,,,,,
2022-01-01,Southampton,Newcastle,,,,76,77,-1,,,,,,,,,,,,,,,,,,,,,,,,,,,,,,,,,,
2022-01-01,Man United,Wolves,,,,83,78,5,,,,,,,,,,,,,,,,,,,,,,,,,,,,,,,,,,
2022-01-01,Leicester,Norwich City,,,,80,73,7,,,,,,,,,,,,,,,,,,,,,,,,,,,,,,,,,,
2022-01-01,Leeds,Burnley,,,,76,76,0,,,,,,,,,,,,,,,,,,,,,,,,,,,,,,,,,,
2022-01-01,Everton,Brighton,,,,78,76,2,,,,,,,,,,,,,,,,,,,,,,,,,,,,,,,,,,
2022-01-01,Crystal Palace,West Ham,,,,76,79,-3,,,,,,,,,,,,,,,,,,,,,,,,,,,,,,,,,,
2022-01-01,Chelsea,Liverpool,,,,84,85,-1,,,,,,,,,,,,,,,,,,,,,,,,,,,,,,,,,,
2022-01-01,Brentford,Aston Villa,,,,74,78,-4,,,,,,,,,,,,,,,,,,,,,,,,,,,,,,,,,,
2022-01-01,Arsenal,Man City,,,,80,85,-5,,,,,,,,,,,,,,,,,,,,,,,,,,,,,,,,,,
2022-01-15,Wolves,Southampton,,,,78,76,2,,,,,,,,,,,,,,,,,,,,,,,,,,,,,,,,,,
2022-01-15,West Ham,Leeds,,,,79,76,3,,,,,,,,,,,,,,,,,,,,,,,,,,,,,,,,,,
2022-01-15,Tottenham,Arsenal,,,,81,80,1,,,,,,,,,,,,,,,,,,,,,,,,,,,,,,,,,,
2022-01-15,Norwich City,Everton,,,,73,78,-5,,,,,,,,,,,,,,,,,,,,,,,,,,,,,,,,,,
2022-01-15,Newcastle,Watford,,,,77,74,3,,,,,,,,,,,,,,,,,,,,,,,,,,,,,,,,,,
2022-01-15,Man City,Chelsea,,,,85,84,1,,,,,,,,,,,,,,,,,,,,,,,,,,,,,,,,,,
2022-01-15,Liverpool,Brentford,,,,85,74,11,,,,,,,,,,,,,,,,,,,,,,,,,,,,,,,,,,
2022-01-15,Burnley,Leicester,,,,76,80,-4,,,,,,,,,,,,,,,,,,,,,,,,,,,,,,,,,,
2022-01-15,Brighton,Crystal Palace,,,,76,76,0,,,,,,,,,,,,,,,,,,,,,,,,,,,,,,,,,,
2022-01-15,Aston Villa,Man United,,,,78,83,-5,,,,,,,,,,,,,,,,,,,,,,,,,,,,,,,,,,
2022-01-22,Watford,Norwich City,,,,74,73,1,,,,,,,,,,,,,,,,,,,,,,,,,,,,,,,,,,
2022-01-22,Southampton,Man City,,,,76,85,-9,,,,,,,,,,,,,,,,,,,,,,,,,,,,,,,,,,
2022-01-22,Man United,West Ham,,,,83,79,4,,,,,,,,,,,,,,,,,,,,,,,,,,,,,,,,,,
2022-01-22,Leicester,Brighton,,,,80,76,4,,,,,,,,,,,,,,,,,,,,,,,,,,,,,,,,,,
2022-01-22,Leeds,Newcastle,,,,76,77,-1,,,,,,,,,,,,,,,,,,,,,,,,,,,,,,,,,,
2022-01-22,Everton,Aston Villa,,,,78,78,0,,,,,,,,,,,,,,,,,,,,,,,,,,,,,,,,,,
2022-01-22,Crystal Palace,Liverpool,,,,76,85,-9,,,,,,,,,,,,,,,,,,,,,,,,,,,,,,,,,,
2022-01-22,Chelsea,Tottenham,,,,84,81,3,,,,,,,,,,,,,,,,,,,,,,,,,,,,,,,,,,
2022-01-22,Brentford,Wolves,,,,74,78,-4,,,,,,,,,,,,,,,,,,,,,,,,,,,,,,,,,,
2022-01-22,Arsenal,Burnley,,,,80,76,4,,,,,,,,,,,,,,,,,,,,,,,,,,,,,,,,,,
2022-02-08,Wolves,Arsenal,,,,78,80,-2,,,,,,,,,,,,,,,,,,,,,,,,,,,,,,,,,,
2022-02-08,West Ham,Watford,,,,79,74,5,,,,,,,,,,,,,,,,,,,,,,,,,,,,,,,,,,
2022-02-08,Norwich City,Crystal Palace,,,,73,76,-3,,,,,,,,,,,,,,,,,,,,,,,,,,,,,,,,,,
2022-02-08,Burnley,Man United,,,,76,83,-7,,,,,,,,,,,,,,,,,,,,,,,,,,,,,,,,,,
2022-02-08,Brighton,Chelsea,,,,76,84,-8,,,,,,,,,,,,,,,,,,,,,,,,,,,,,,,,,,
2022-02-08,Aston Villa,Leeds,,,,78,76,2,,,,,,,,,,,,,,,,,,,,,,,,,,,,,,,,,,
2022-02-09,Tottenham,Southampton,,,,81,76,5,,,,,,,,,,,,,,,,,,,,,,,,,,,,,,,,,,
2022-02-09,Newcastle,Everton,,,,77,78,-1,,,,,,,,,,,,,,,,,,,,,,,,,,,,,,,,,,
2022-02-09,Man City,Brentford,,,,85,74,11,,,,,,,,,,,,,,,,,,,,,,,,,,,,,,,,,,
2022-02-09,Liverpool,Leicester,,,,85,80,5,,,,,,,,,,,,,,,,,,,,,,,,,,,,,,,,,,
2022-02-12,Watford,Brighton,,,,74,76,-2,,,,,,,,,,,,,,,,,,,,,,,,,,,,,,,,,,
2022-02-12,Tottenham,Wolves,,,,81,78,3,,,,,,,,,,,,,,,,,,,,,,,,,,,,,,,,,,
2022-02-12,Norwich City,Man City,,,,73,85,-12,,,,,,,,,,,,,,,,,,,,,,,,,,,,,,,,,,
2022-02-12,Newcastle,Aston Villa,,,,77,78,-1,,,,,,,,,,,,,,,,,,,,,,,,,,,,,,,,,,
2022-02-12,Man United,Southampton,,,,83,76,7,,,,,,,,,,,,,,,,,,,,,,,,,,,,,,,,,,
2022-02-12,Leicester,West Ham,,,,80,79,1,,,,,,,,,,,,,,,,,,,,,,,,,,,,,,,,,,
2022-02-12,Everton,Leeds,,,,78,76,2,,,,,,,,,,,,,,,,,,,,,,,,,,,,,,,,,,
2022-02-12,Chelsea,Arsenal,,,,84,80,4,,,,,,,,,,,,,,,,,,,,,,,,,,,,,,,,,,
2022-02-12,Burnley,Liverpool,,,,76,85,-9,,,,,,,,,,,,,,,,,,,,,,,,,,,,,,,,,,
2022-02-12,Brentford,Crystal Palace,,,,74,76,-2,,,,,,,,,,,,,,,,,,,,,,,,,,,,,,,,,,
2022-02-19,Wolves,Leicester,,,,78,80,-2,,,,,,,,,,,,,,,,,,,,,,,,,,,,,,,,,,
2022-02-19,West Ham,Newcastle,,,,79,77,2,,,,,,,,,,,,,,,,,,,,,,,,,,,,,,,,,,
2022-02-19,Southampton,Everton,,,,76,78,-2,,,,,,,,,,,,,,,,,,,,,,,,,,,,,,,,,,
2022-02-19,Man City,Tottenham,,,,85,81,4,,,,,,,,,,,,,,,,,,,,,,,,,,,,,,,,,,
2022-02-19,Liverpool,Norwich City,,,,85,73,12,,,,,,,,,,,,,,,,,,,,,,,,,,,,,,,,,,
2022-02-19,Leeds,Man United,,,,76,83,-7,,,,,,,,,,,,,,,,,,,,,,,,,,,,,,,,,,
2022-02-19,Crystal Palace,Chelsea,,,,76,84,-8,,,,,,,,,,,,,,,,,,,,,,,,,,,,,,,,,,
2022-02-19,Brighton,Burnley,,,,76,76,0,,,,,,,,,,,,,,,,,,,,,,,,,,,,,,,,,,
2022-02-19,Aston Villa,Watford,,,,78,74,4,,,,,,,,,,,,,,,,,,,,,,,,,,,,,,,,,,
2022-02-19,Arsenal,Brentford,,,,80,74,6,,,,,,,,,,,,,,,,,,,,,,,,,,,,,,,,,,
2022-02-26,West Ham,Wolves,,,,79,78,1,,,,,,,,,,,,,,,,,,,,,,,,,,,,,,,,,,
2022-02-26,Southampton,Norwich City,,,,76,73,3,,,,,,,,,,,,,,,,,,,,,,,,,,,,,,,,,,
2022-02-26,Man United,Watford,,,,83,74,9,,,,,,,,,,,,,,,,,,,,,,,,,,,,,,,,,,
2022-02-26,Leeds,Tottenham,,,,76,81,-5,,,,,,,,,,,,,,,,,,,,,,,,,,,,,,,,,,
2022-02-26,Everton,Man City,,,,78,85,-7,,,,,,,,,,,,,,,,,,,,,,,,,,,,,,,,,,
2022-02-26,Crystal Palace,Burnley,,,,76,76,0,,,,,,,,,,,,,,,,,,,,,,,,,,,,,,,,,,
2022-02-26,Chelsea,Leicester,,,,84,80,4,,,,,,,,,,,,,,,,,,,,,,,,,,,,,,,,,,
2022-02-26,Brighton,Aston Villa,,,,76,78,-2,,,,,,,,,,,,,,,,,,,,,,,,,,,,,,,,,,
2022-02-26,Brentford,Newcastle,,,,74,77,-3,,,,,,,,,,,,,,,,,,,,,,,,,,,,,,,,,,
2022-02-26,Arsenal,Liverpool,,,,80,85,-5,,,,,,,,,,,,,,,,,,,,,,,,,,,,,,,,,,
2022-03-05,Wolves,Crystal Palace,,,,78,76,2,,,,,,,,,,,,,,,,,,,,,,,,,,,,,,,,,,
2022-03-05,Watford,Arsenal,,,,74,80,-6,,,,,,,,,,,,,,,,,,,,,,,,,,,,,,,,,,
2022-03-05,Tottenham,Everton,,,,81,78,3,,,,,,,,,,,,,,,,,,,,,,,,,,,,,,,,,,
2022-03-05,Norwich City,Brentford,,,,73,74,-1,,,,,,,,,,,,,,,,,,,,,,,,,,,,,,,,,,
2022-03-05,Newcastle,Brighton,,,,77,76,1,,,,,,,,,,,,,,,,,,,,,,,,,,,,,,,,,,
2022-03-05,Man City,Man United,,,,85,83,2,,,,,,,,,,,,,,,,,,,,,,,,,,,,,,,,,,
2022-03-05,Liverpool,West Ham,,,,85,79,6,,,,,,,,,,,,,,,,,,,,,,,,,,,,,,,,,,
2022-03-05,Leicester,Leeds,,,,80,76,4,,,,,,,,,,,,,,,,,,,,,,,,,,,,,,,,,,
2022-03-05,Burnley,Chelsea,,,,76,84,-8,,,,,,,,,,,,,,,,,,,,,,,,,,,,,,,,,,
2022-03-05,Aston Villa,Southampton,,,,78,76,2,,,,,,,,,,,,,,,,,,,,,,,,,,,,,,,,,,
2022-03-12,West Ham,Aston Villa,,,,79,78,1,,,,,,,,,,,,,,,,,,,,,,,,,,,,,,,,,,
2022-03-12,Southampton,Watford,,,,76,74,2,,,,,,,,,,,,,,,,,,,,,,,,,,,,,,,,,,
2022-03-12,Man United,Tottenham,,,,83,81,2,,,,,,,,,,,,,,,,,,,,,,,,,,,,,,,,,,
2022-03-12,Leeds,Norwich City,,,,76,73,3,,,,,,,,,,,,,,,,,,,,,,,,,,,,,,,,,,
2022-03-12,Everton,Wolves,,,,78,78,0,,,,,,,,,,,,,,,,,,,,,,,,,,,,,,,,,,
2022-03-12,Crystal Palace,Man City,,,,76,85,-9,,,,,,,,,,,,,,,,,,,,,,,,,,,,,,,,,,
2022-03-12,Chelsea,Newcastle,,,,84,77,7,,,,,,,,,,,,,,,,,,,,,,,,,,,,,,,,,,
2022-03-12,Brighton,Liverpool,,,,76,85,-9,,,,,,,,,,,,,,,,,,,,,,,,,,,,,,,,,,
2022-03-12,Brentford,Burnley,,,,74,76,-2,,,,,,,,,,,,,,,,,,,,,,,,,,,,,,,,,,
2022-03-12,Arsenal,Leicester,,,,80,80,0,,,,,,,,,,,,,,,,,,,,,,,,,,,,,,,,,,
2022-03-19,Wolves,Leeds,,,,78,76,2,,,,,,,,,,,,,,,,,,,,,,,,,,,,,,,,,,
2022-03-19,Watford,Everton,,,,74,78,-4,,,,,,,,,,,,,,,,,,,,,,,,,,,,,,,,,,
2022-03-19,Tottenham,West Ham,,,,81,79,2,,,,,,,,,,,,,,,,,,,,,,,,,,,,,,,,,,
2022-03-19,Norwich City,Chelsea,,,,73,84,-11,,,,,,,,,,,,,,,,,,,,,,,,,,,,,,,,,,
2022-03-19,Newcastle,Crystal Palace,,,,77,76,1,,,,,,,,,,,,,,,,,,,,,,,,,,,,,,,,,,
2022-03-19,Man City,Brighton,,,,85,76,9,,,,,,,,,,,,,,,,,,,,,,,,,,,,,,,,,,
2022-03-19,Liverpool,Man United,,,,85,83,2,,,,,,,,,,,,,,,,,,,,,,,,,,,,,,,,,,
2022-03-19,Leicester,Brentford,,,,80,74,6,,,,,,,,,,,,,,,,,,,,,,,,,,,,,,,,,,
2022-03-19,Burnley,Southampton,,,,76,76,0,,,,,,,,,,,,,,,,,,,,,,,,,,,,,,,,,,
2022-03-19,Aston Villa,Arsenal,,,,78,80,-2,,,,,,,,,,,,,,,,,,,,,,,,,,,,,,,,,,
2022-04-02,Brighton,Norwich City,,,,76,73,3,,,,,,,,,,,,,,,,,,,,,,,,,,,,,,,,,,
2022-04-02,Burnley,Man City,,,,76,85,-9,,,,,,,,,,,,,,,,,,,,,,,,,,,,,,,,,,
2022-04-02,Chelsea,Brentford,,,,84,74,10,,,,,,,,,,,,,,,,,,,,,,,,,,,,,,,,,,
2022-04-02,Crystal Palace,Arsenal,,,,76,80,-4,,,,,,,,,,,,,,,,,,,,,,,,,,,,,,,,,,
2022-04-02,Leeds,Southampton,,,,76,76,0,,,,,,,,,,,,,,,,,,,,,,,,,,,,,,,,,,
2022-04-02,Liverpool,Watford,,,,85,74,11,,,,,,,,,,,,,,,,,,,,,,,,,,,,,,,,,,
2022-04-02,Man United,Leicester,,,,83,80,3,,,,,,,,,,,,,,,,,,,,,,,,,,,,,,,,,,
2022-04-02,Tottenham,Newcastle,,,,81,77,4,,,,,,,,,,,,,,,,,,,,,,,,,,,,,,,,,,
2022-04-02,West Ham,Everton,,,,79,78,1,,,,,,,,,,,,,,,,,,,,,,,,,,,,,,,,,,
2022-04-02,Wolves,Aston Villa,,,,78,78,0,,,,,,,,,,,,,,,,,,,,,,,,,,,,,,,,,,
2022-04-09,Arsenal,Brighton,,,,80,76,4,,,,,,,,,,,,,,,,,,,,,,,,,,,,,,,,,,
2022-04-09,Aston Villa,Tottenham,,,,78,81,-3,,,,,,,,,,,,,,,,,,,,,,,,,,,,,,,,,,
2022-04-09,Brentford,West Ham,,,,74,79,-5,,,,,,,,,,,,,,,,,,,,,,,,,,,,,,,,,,
2022-04-09,Everton,Man United,,,,78,83,-5,,,,,,,,,,,,,,,,,,,,,,,,,,,,,,,,,,
2022-04-09,Leicester,Crystal Palace,,,,80,76,4,,,,,,,,,,,,,,,,,,,,,,,,,,,,,,,,,,
2022-04-09,Man City,Liverpool,,,,85,85,0,,,,,,,,,,,,,,,,,,,,,,,,,,,,,,,,,,
2022-04-09,Newcastle,Wolves,,,,77,78,-1,,,,,,,,,,,,,,,,,,,,,,,,,,,,,,,,,,
2022-04-09,Norwich City,Burnley,,,,73,76,-3,,,,,,,,,,,,,,,,,,,,,,,,,,,,,,,,,,
2022-04-09,Southampton,Chelsea,,,,76,84,-8,,,,,,,,,,,,,,,,,,,,,,,,,,,,,,,,,,
2022-04-09,Watford,Leeds,,,,74,76,-2,,,,,,,,,,,,,,,,,,,,,,,,,,,,,,,,,,
2022-04-16,Aston Villa,Liverpool,,,,78,85,-7,,,,,,,,,,,,,,,,,,,,,,,,,,,,,,,,,,
2022-04-16,Everton,Crystal Palace,,,,78,76,2,,,,,,,,,,,,,,,,,,,,,,,,,,,,,,,,,,
2022-04-16,Leeds,Chelsea,,,,76,84,-8,,,,,,,,,,,,,,,,,,,,,,,,,,,,,,,,,,
2022-04-16,Man United,Norwich City,,,,83,73,10,,,,,,,,,,,,,,,,,,,,,,,,,,,,,,,,,,
2022-04-16,Newcastle,Leicester,,,,77,80,-3,,,,,,,,,,,,,,,,,,,,,,,,,,,,,,,,,,
2022-04-16,Southampton,Arsenal,,,,76,80,-4,,,,,,,,,,,,,,,,,,,,,,,,,,,,,,,,,,
2022-04-16,Tottenham,Brighton,,,,81,76,5,,,,,,,,,,,,,,,,,,,,,,,,,,,,,,,,,,
2022-04-16,Watford,Brentford,,,,74,74,0,,,,,,,,,,,,,,,,,,,,,,,,,,,,,,,,,,
2022-04-16,West Ham,Burnley,,,,79,76,3,,,,,,,,,,,,,,,,,,,,,,,,,,,,,,,,,,
2022-04-16,Wolves,Man City,,,,78,85,-7,,,,,,,,,,,,,,,,,,,,,,,,,,,,,,,,,,
2022-04-23,Arsenal,Man United,,,,80,83,-3,,,,,,,,,,,,,,,,,,,,,,,,,,,,,,,,,,
2022-04-23,Brentford,Tottenham,,,,74,81,-7,,,,,,,,,,,,,,,,,,,,,,,,,,,,,,,,,,
2022-04-23,Brighton,Southampton,,,,76,76,0,,,,,,,,,,,,,,,,,,,,,,,,,,,,,,,,,,
2022-04-23,Burnley,Wolves,,,,76,78,-2,,,,,,,,,,,,,,,,,,,,,,,,,,,,,,,,,,
2022-04-23,Chelsea,West Ham,,,,84,79,5,,,,,,,,,,,,,,,,,,,,,,,,,,,,,,,,,,
2022-04-23,Crystal Palace,Leeds,,,,76,76,0,,,,,,,,,,,,,,,,,,,,,,,,,,,,,,,,,,
2022-04-23,Leicester,Aston Villa,,,,80,78,2,,,,,,,,,,,,,,,,,,,,,,,,,,,,,,,,,,
2022-04-23,Liverpool,Everton,,,,85,78,7,,,,,,,,,,,,,,,,,,,,,,,,,,,,,,,,,,
2022-04-23,Man City,Watford,,,,85,74,11,,,,,,,,,,,,,,,,,,,,,,,,,,,,,,,,,,
2022-04-23,Norwich City,Newcastle,,,,73,77,-4,,,,,,,,,,,,,,,,,,,,,,,,,,,,,,,,,,
2022-04-30,Aston Villa,Norwich City,,,,78,73,5,,,,,,,,,,,,,,,,,,,,,,,,,,,,,,,,,,
2022-04-30,Everton,Chelsea,,,,78,84,-6,,,,,,,,,,,,,,,,,,,,,,,,,,,,,,,,,,
2022-04-30,Leeds,Man City,,,,76,85,-9,,,,,,,,,,,,,,,,,,,,,,,,,,,,,,,,,,
2022-04-30,Man United,Brentford,,,,83,74,9,,,,,,,,,,,,,,,,,,,,,,,,,,,,,,,,,,
2022-04-30,Newcastle,Liverpool,,,,77,85,-8,,,,,,,,,,,,,,,,,,,,,,,,,,,,,,,,,,
2022-04-30,Southampton,Crystal Palace,,,,76,76,0,,,,,,,,,,,,,,,,,,,,,,,,,,,,,,,,,,
2022-04-30,Tottenham,Leicester,,,,81,80,1,,,,,,,,,,,,,,,,,,,,,,,,,,,,,,,,,,
2022-04-30,Watford,Burnley,,,,74,76,-2,,,,,,,,,,,,,,,,,,,,,,,,,,,,,,,,,,
2022-04-30,West Ham,Arsenal,,,,79,80,-1,,,,,,,,,,,,,,,,,,,,,,,,,,,,,,,,,,
2022-04-30,Wolves,Brighton,,,,78,76,2,,,,,,,,,,,,,,,,,,,,,,,,,,,,,,,,,,
2022-05-07,Arsenal,Leeds,,,,80,76,4,,,,,,,,,,,,,,,,,,,,,,,,,,,,,,,,,,
2022-05-07,Brentford,Southampton,,,,74,76,-2,,,,,,,,,,,,,,,,,,,,,,,,,,,,,,,,,,
2022-05-07,Brighton,Man United,,,,76,83,-7,,,,,,,,,,,,,,,,,,,,,,,,,,,,,,,,,,
2022-05-07,Burnley,Aston Villa,,,,76,78,-2,,,,,,,,,,,,,,,,,,,,,,,,,,,,,,,,,,
2022-05-07,Chelsea,Wolves,,,,84,78,6,,,,,,,,,,,,,,,,,,,,,,,,,,,,,,,,,,
2022-05-07,Crystal Palace,Watford,,,,76,74,2,,,,,,,,,,,,,,,,,,,,,,,,,,,,,,,,,,
2022-05-07,Leicester,Everton,,,,80,78,2,,,,,,,,,,,,,,,,,,,,,,,,,,,,,,,,,,
2022-05-07,Liverpool,Tottenham,,,,85,81,4,,,,,,,,,,,,,,,,,,,,,,,,,,,,,,,,,,
2022-05-07,Man City,Newcastle,,,,85,77,8,,,,,,,,,,,,,,,,,,,,,,,,,,,,,,,,,,
2022-05-07,Norwich City,West Ham,,,,73,79,-6,,,,,,,,,,,,,,,,,,,,,,,,,,,,,,,,,,
2022-05-15,Aston Villa,Crystal Palace,,,,78,76,2,,,,,,,,,,,,,,,,,,,,,,,,,,,,,,,,,,
2022-05-15,Everton,Brentford,,,,78,74,4,,,,,,,,,,,,,,,,,,,,,,,,,,,,,,,,,,
2022-05-15,Leeds,Brighton,,,,76,76,0,,,,,,,,,,,,,,,,,,,,,,,,,,,,,,,,,,
2022-05-15,Man United,Chelsea,,,,83,84,-1,,,,,,,,,,,,,,,,,,,,,,,,,,,,,,,,,,
2022-05-15,Newcastle,Arsenal,,,,77,80,-3,,,,,,,,,,,,,,,,,,,,,,,,,,,,,,,,,,
2022-05-15,Southampton,Liverpool,,,,76,85,-9,,,,,,,,,,,,,,,,,,,,,,,,,,,,,,,,,,
2022-05-15,Tottenham,Burnley,,,,81,76,5,,,,,,,,,,,,,,,,,,,,,,,,,,,,,,,,,,
2022-05-15,Watford,Leicester,,,,74,80,-6,,,,,,,,,,,,,,,,,,,,,,,,,,,,,,,,,,
2022-05-15,West Ham,Man City,,,,79,85,-6,,,,,,,,,,,,,,,,,,,,,,,,,,,,,,,,,,
2022-05-15,Wolves,Norwich City,,,,78,73,5,,,,,,,,,,,,,,,,,,,,,,,,,,,,,,,,,,
2022-05-22,Norwich City,Tottenham,,,,73,81,-8,,,,,,,,,,,,,,,,,,,,,,,,,,,,,,,,,,
2022-05-22,Man City,Aston Villa,,,,85,78,7,,,,,,,,,,,,,,,,,,,,,,,,,,,,,,,,,,
2022-05-22,Liverpool,Wolves,,,,85,78,7,,,,,,,,,,,,,,,,,,,,,,,,,,,,,,,,,,
2022-05-22,Leicester,Southampton,,,,80,76,4,,,,,,,,,,,,,,,,,,,,,,,,,,,,,,,,,,
2022-05-22,Crystal Palace,Man United,,,,76,83,-7,,,,,,,,,,,,,,,,,,,,,,,,,,,,,,,,,,
2022-05-22,Chelsea,Watford,,,,84,74,10,,,,,,,,,,,,,,,,,,,,,,,,,,,,,,,,,,
2022-05-22,Burnley,Newcastle,,,,76,77,-1,,,,,,,,,,,,,,,,,,,,,,,,,,,,,,,,,,
2022-05-22,Brighton,West Ham,,,,76,79,-3,,,,,,,,,,,,,,,,,,,,,,,,,,,,,,,,,,
2022-05-22,Brentford,Leeds,,,,74,76,-2,,,,,,,,,,,,,,,,,,,,,,,,,,,,,,,,,,
2022-05-22,Arsenal,Everton,,,,80,78,2,,,,,,,,,,,,,,,,,,,,,,,,,,,,,,,,,,
